Object,Action,Person,World,Nature,Random,Spade
Sash window,Abide,Toad,Fulbourn,Spider plant,Minecraft,1
Honeycomb,Absorb,Baby Peach,Sawston,Silver birch,Mathematics,6
Armchair,Admire,Luigi,Cairngorms,Clematis,Biology,2
Lego,Adore,Yoshi,River Thames,Wisteria,Chemistry,5
Dictionary,Adore,Rapunzel,Tower of London,Bluebell,Shuttlecock,1
Radiator,Advance,Elsa,The Shire,Stamen,Oncology,6
Thesaurus,Advise,Baby Mario,Mordor,Coffee bean,Pharmacy,6
Suitcase,Aid,Mulan,,Brussel Sprout,Laboratory,4
Zip,Alter,Tiana,St Andrews,Parsley,Lavatory,5
Padlock,Amble,Tinker Bell,Toad Hall,Kale,Bar chart,1
D-lock,Amend,Princess Jasmine,Tate Modern,Maris Piper,Spreadsheet,1
Roller Blind,Amplify,Cinderella,Wuthering Heights,King Edward,Microsoft,4
Belt,Amuse,Ariel,Pyramids,Precipitation,Mario Kart,4
Hoodie,Announce,Belle,Babylon,Eruption,Opaque,4
Blanket,Arrive,Esmerelda,Costa Rica,Meteor,Translucent,3
Pannier,Ascend,Miss Piggy,Baker Street,Halley's Comet,Transparent,2
Reflector,Ask,Kermit,Euston Square,Wren,Memory foam,6
Dynamo,Assault,Micky mouse,King's Cross,Orangutan,Gas,5
Clothes Horse,Attack,Minney mouse,Barbican,Shetland Pony,Aerosol,5
Envelope,Balloon,Donald Duck,Moorgate,Lungs,Butler,4
Post-it note,Bargain,Goofy,Victoria station,Kidneys,Maid,6
Blutack,Bash,Captain Jack Sparrow,St James's Park,Beard,Lady,2
Plasticene,Batter,Winnie the Pooh,Tower Hill,Toenail,Lord,4
Holdall,Beam,Wall-E,Notting Hill,Metatarsal,Jewellery Box,6
Overhead locker,Beef,Quasimodo,Westminster Abbey,Metacarpal,Ceiling,3
Lightbulb,Beg,Cruella de Vil,Embankment,Hormones,Minotaur,2
LED,Bellow,Dumbo,Aldgate,Insulin,Argonauts,6
Chocolate,Blab,Grumpy,Gloucestershire,Pancreas,Green house,1
Cream Egg,Blabber,Sleepy,Manhatten,Kidneys,Slytherin,1
Jazzies,Blast,Mr Strong,Stilton,Buttock,Ravenclaw,4
Rhubarb and Custard,Blow,Mr Uppity,Hogwarts,Reproduction,Gryffindor,5
Dolly Mixture,Bluster,Little Miss Sunshine,Springfield,Giant Squid,Hufflepuff,4
Liquorice Allsorts,Boast,Mr Impossible,Rivendell,Cuttlefish,Astrology,5
Treacle Toffee,Bolt,Mr Lazy,Asgard,Barn Owl,Death Eaters,4
Bonbon,Boost,Jack Jack,Neverland,Blue Tit,Dementors,4
Gobstopper,Brew,Elastigirl,Gotham city,Mallard,Unicorn,5
Chocolate Frog,Brief,Mr Greedy,The Emerald City,Quail,The Great Gatsby,5
Uniform,Broadcast,Mr Topsy Turvy,Hogsmeade,Jay,October,6
Reef knot,Brood,Little Miss Fun,Diagon Alley,Wood Pigeon,Kilo,6
Sheepshank,Build,Little Miss Magic,Narnia,Swallow,Micron ,6
Figure of eight,Burrow,Little Miss Trouble,King?s Landing,Turmeric,Shilling,3
Oil paint,Burst,Pollyanna,Lilliputÿ,Cinnamon,Ecclesiastes,6
Watercolour,Bus,Pippy Longstocking,Godric?s Hollow,Chilli,Psalms,6
Acrylic,Bust,Charles Dickens,Jurassic Park,Coriander seeds,Proverbs,6
Emulsion,Calm,Oliver Twist,Toyland,Cumin,Numbers,4
Charcoal,Capture,Ian McEwan,Central Perk,Smoked paprika,Decimal point,6
Pine needle,Cascade,Agatha Christie,Middle earth,Allspice,Dash,6
Chalk Pastels,Cast,Dr John Watson,Atlantis,Nutmeg,Hyphen,3
Viola,Catapult,Mozart,The Underworld,Cayenne pepper,Semicolon,2
Cello,Catch,Rachmaninoff,Angkor,Ground mace,Indigo,5
Double Bass,Chap,Tchaikovsky,Taj Mahal,Lemongrass,Violet,3
Harp,Charge,Beethoven,Machu Picchu,Lime leaves,Navy blue,1
Bassoon,Chase,Sibelius,Mount Rushmoreÿ,Marjoramÿ,Teal,6
Flute,Cherish,Vivaldi,St Basil?s Cathedral,Jackfruitÿ,Duck egg blue,3
Clarinet,Chip,Celine Dion,The Acropolis,Pinto beans,Royal blue,2
Trombone,Chomp,ABBA,Easter Island,Arborio rice,Crimson,2
Tuba,Clasp,Pascal,The Western Wall,Jasmine rice,Pewter,4
Timpani,Cleave,Vladimir Putin,Blue Mosque,Pearl barley,Yellow Ochre,3
Snare Drum,Climb,Simon Cowell,Giant?s causeway,Bulgar wheat,Elephants breath,6
Cymbals,Close,Tim Peak,Petraÿ,Basmati rice,Off-white,1
Bloody Mary,Clutch,Ed Sheeran,Stonehenge,,Matt,1
Singapore Sling,Collide,David Attenborough,Mount Fuji,,Gloss,3
Screwdriver,Command,Bill Gates,Matterhorn,,Algebra,4
Chorizo ,Comment,Daniel Craig,Victoria Harbour,,Jazz,4
Elderflower Cordial,Commune,Tom Holland,Times Square,,Soul,4
Sparkling water,Conceal,Emma Watson,Forbidden city,,Honky Tonk,2
Meat Feast,Confound,Serena Williams,Disneyland,,Staccato,2
Camembert,Confuse,Usain Bolt,Red squareÿ,,Timbre,2
Cornish Yarg,Conspire,Roger Federer,,,Tone,1
Goats Cheese,Corrupt,Tiger Woods,,,Accent,2
Roquefort,Cower,Lionel Messi,,,Dialect,4
Gouda,Crackle,Mo Farah,,,Bashful,4
Paneer,Craft,Christopher Columbus,,,Magnum,1
Halloumi,Crash,Steven Hawkins,,,Happy,2
Mascarpone,Crave,Queen Elizabeth II,,,Dopey,4
Parmesan,Crawl,Ernest Shackleton,,,Margherita,3
Emmental,Create,Alan Turing,,,Sloppy Guiseppe,1
Edam,Creep,Jeff Bezos,,,Nduja,6
Mixed peel,Croak,Dwayne Johnson,,,Hawaiian Pizza,5
Glac‚ cherries,Crumple,Joe Biden,,,?Masterchef,4
Free range eggs,Crush,Elon Musk,,,Strictly come dancing,1
Demerara sugar,Cry,LeBron James,,,?Hyundai,2
Muscavado sugar,Dangle,Robert Downey,,,Kia,2
Agave nectarÿ,Dart,Cristiano Ronaldo,,,Toyota,1
Maple syrup,Dash,Will Smith,,,Vauxhall,6
??Cider vinegar,Dawdle,Justin Bieber,,,Citroen,6
?Dijon mustard,Dazzle,Taylor Swift,,,Land Rover,3
Bicarbonate of soda,Deal,Mark Zuckerberg,,,Bugattiÿ,2
Fruit and fibre,Decay,Opera Winfrey,,,Lotusÿ,6
Bircher muesli,Deceive,Meat Loaf,,,Wholegrain,1
Sage and onion stuffing,Declare,Greta Thunberg,,,Decaffeinated,6
Earl grey tea,Demand,Sir Captain Tom Moore,,,Heinz,5
Refried beans,Demolish,Joe Wicks,,,Dried figs,1
Mushy peas,Depart,Jamie Oliver,,,,4
Sea salt,Deposit,Donald Trump,,,,1
Stock cubes,Design,Richard Osman,,,,1
Strawberry conserveÿ,Desire,Alexander Armstrong,,,,4
Alphabet spaghetti,Despise,Dan Walker,,,,2
Self raising flourÿ,Detect,Sally Nugent,,,,4
Spirali,Deter,Carol Kirkwood,,,,2
Tagliatelleÿ,Deviate,Andrew Lloyd Webber,,,,6
Rice noodles,Devour,Pope Francis,,,,4
Singapore noodles,Dig,Barack Obama,,,,4
Chinese five spice,Digest,Nelson Mandela,,,,2
Cocoa powder,Diminish,Tom Cruise,,,,5
Vanilla essence,Dine,Tony Blair,,,,4
Sesame oilÿ,Direct,JK Rowling,,,,2
,Disarm,Kim Jong Un,,,,4
,Discern,Malala Yousafzai,,,,1
,Discover,Steve Jobs,,,,5
,Disintegrate,Hilary Clinton,,,,4
,Dismantle,Prince William,,,,1
,Download,Lewis Hamilton,,,,6
,Drag,Prince Harry,,,,5
,Drain,Meghan Markel,,,,1
,Drip,Roger Federer,,,,5
,Drop,Roman Abramovich,,,,1
,Dwell,Melinda Gates,,,,6
,Eavesdrop,Suzanne Collins,,,,6
,Encourage,Malorie Blackman,,,,3
,Engage,Rick Riordan,,,,5
,Engulf,Enid Blyton,,,,5
,Enjoy,Michael Morpurgo,,,,5
,Enlarge,David Walliams,,,,5
,Ensnare,RJ Palacio,,,,5
,Envelop,Jane Austen,,,,3
,Erase,Arthur Ransome,,,,4
,Escort,Anne Frank,,,,6
,Evolve,Amelia Earhart,,,,5
,Excite,Lindsey Russel,,,,1
,Exhaust,Rosa Parks,,,,3
,Exit,Richard Bacon,,,,6
,Expand,Adam Beales,,,,3
,Explode,Richie Driss,,,,6
,Explore,Robert Bob Belcher],,,,6
,Expose,Mother Teresa,,,,5
,Extend,Charles Darwin,,,,1
,Extract,Albert Einstein,,,,6
,Eyeball,Paul McCartney,,,,2
,Ferment,Thomas Edison,,,,4
,Fight,Walt Disney,,,,1
,Fish,Neil Armstrong,,,,6
,Fling,John Lennon,,,,2
,Float,Adolf Hitler,,,,4
,Flounce,Madonna,,,,5
,Flourish,Ronald Reagan,,,,2
,Flow,David Beckham,,,,5
,Fly,Margaret Thatcher,,,,1
,Follow,Florence Nightingale,,,,4
,Forbid,Tim Berners Lee,,,,6
,Force,Ant McPartlin,,,,3
,Frown,Declan Donnelly,,,,4
,Fumble,Alesha Dixon,,,,3
,Fuse,Amanda Holden,,,,1
,Garble,Diversity,,,,5
,Gasp,Lost voice guy,,,,3
,Gaze,Richard Jones,,,,5
,Gel,Collin Thackery,,,,6
,Germinate,Napoleon Bonaparte,,,,6
,Glare,Joan of Arc,,,,4
,Gleam,Isaac Newton,,,,5
,Glide,Lewis Carroll,,,,5
,Glisten,Marco Polo,,,,2
,Glitter,John Cabot,,,,1
,Gloat,Ferdinand Magellan,,,,6
,Gobble,Sir Francis Drake,,,,6
,Gorge,Vasco de Gama,,,,2
,Govern,Ed Stafford,,,,1
,Grasp,Jessica Watson,,,,2
,Gravitate,Eric Larson,,,,4
,Graze,David de Rothschild,,,,3
,Grip,Andrew Skurka,,,,1
,Groan,Frida Kahlo,,,,4
,Grope,Emmeline Pankhurst,,,,5
,Grow,Agent Fifi,,,,1
,Growl,Mary Seacole,,,,1
,Guffaw,Mary Anning,,,,4
,Guide,Marie Curie,,,,4
,Gush,Coco Chanel,,,,2
,Gust,Gertrude Ederle,,,,5
,Guzzle,Suffragettes,,,,4
,Hack,Emma Carroll,,,,1
,Hail,EB White,,,,1
,Halt,Donald Trump,,,,3
,Halt,JF Kennedy,,,,5
,Harvest,Abraham Lincoln,,,,6
,Heighten,George Washington,,,,1
,Hiccup,Franklin Roosevelt,,,,5
,Hiss,George Bush,,,,5
,Hobble,Boris Johnson,,,,3
,Hold,Theresa May,,,,6
,Holler,David Cameron,,,,3
,Hope,Gordon Brown,,,,4
,Hover,Tony Blair,,,,5
,Howl,,,,,2
,Huff,,,,,5
,Hurl,,,,,3
,Hurry,,,,,5
,Ignite,,,,,2
,Illuminate,,,,,2
,Imagine,,,,,3
,Impart,,,,,3
,Implore,,,,,6
,Impress,,,,,3
,Indulge,,,,,3
,Inflate,,,,,4
,Inhale,,,,,2
,Inquire,,,,,6
,Inspect,,,,,1
,Instruct,,,,,3
,Insult,,,,,2
,Intensify,,,,,2
,Intertwine,,,,,4
,Jab,,,,,4
,Jostle,,,,,6
,Journey,,,,,6
,Lament,,,,,5
,Lash,,,,,1
,Launch,,,,,3
,Leach,,,,,3
,Lead,,,,,5
,Leap,,,,,2
,Leave,,,,,2
,Level,,,,,1
,Liquefy,,,,,3
,Listen,,,,,4
,Loaf,,,,,4
,Loathe,,,,,3
,Lob,,,,,5
,Locate,,,,,1
,Look,,,,,3
,Lope,,,,,4
,Lounge,,,,,3
,Lull,,,,,3
,Lurch,,,,,4
,Lurk,,,,,6
,Magnify,,,,,3
,Manipulate,,,,,1
,Manufacture,,,,,4
,March,,,,,2
,Marvel,,,,,3
,Meander,,,,,2
,Mimic,,,,,3
,Mint,,,,,4
,Mix,,,,,4
,Moan,,,,,6
,Modify,,,,,6
,Morph,,,,,1
,Mount,,,,,1
,Multiply,,,,,5
,Munch,,,,,6
,Muse,,,,,3
,Mushroom,,,,,5
,Mystify,,,,,4
,Nap,,,,,5
,Neglect,,,,,1
,Nibble,,,,,2
,Notice,,,,,3
,Notify,,,,,4
,Nudge,,,,,1
,Obey,,,,,1
,Obtain,,,,,2
,Occupy,,,,,3
,Ooze,,,,,2
,Oppress,,,,,6
,Order,,,,,2
,Outrage,,,,,5
,Overrule,,,,,
,Pacify,,,,,
,Paint,,,,,
,Park,,,,,
,Peck,,,,,
,Peek,,,,,
,Peer,,,,,
,Perceive,,,,,
,Persuade,,,,,
,Petrify,,,,,
,Picture,,,,,
,Pilot,,,,,
,Pinpoint,,,,,
,Place,,,,,
,Plant,,,,,
,Plead,,,,,
,Plod,,,,,
,Plop,,,,,
,Plot,,,,,
,Pluck,,,,,
,Plunge,,,,,
,Poison,,,,,
,Poke,,,,,
,Pop,,,,,
,Position,,,,,
,Power,,,,,
,Prickle,,,,,
,Prize,,,,,
,Probe,,,,,
,Prod,,,,,
,Prune,,,,,
,Pursue,,,,,
,Question,,,,,
,Quit,,,,,
,Race,,,,,
,Realize,,,,,
,Recite,,,,,
,Recoil,,,,,
,Refashion,,,,,
,Refine,,,,,
,Relish,,,,,
,Remove,,,,,
,Reply,,,,,
,Report,,,,,
,Require,,,,,
,Retreat,,,,,
,Reveal,,,,,
,Reverberate,,,,,
,Revitalize,,,,,
,Revolutionize,,,,,
,Revolve,,,,,
,Ride,,,,,
,Rip,,,,,
,Ripen,,,,,
,Rise,,,,,
,Roar,,,,,
,Roll,,,,,
,Ruin,,,,,
,Run,,,,,
,Rush,,,,,
,Rust,,,,,
,Saunter,,,,,
,Scale,,,,,
,Scamper,,,,,
,Scan,,,,,
,Scoff,,,,,
,Scorch,,,,,
,Scrape,,,,,
,Scratch,,,,,
,Scrawl,,,,,
,Scream,,,,,
,Scurry,,,,,
,Seal,,,,,
,Seize,,,,,
,Serve,,,,,
,Shatter,,,,,
,Shave,,,,,
,Shepherd,,,,,
,Shimmer,,,,,
,Shine,,,,,
,Shock,,,,,
,Shout,,,,,
,Shriek,,,,,
,Shrivel,,,,,
,Shut,,,,,
,Sigh,,,,,
,Sink,,,,,
,Sit,,,,,
,Sizzle,,,,,
,Skip,,,,,
,Skive,,,,,
,Skulk,,,,,
,Slam,,,,,
,Slash,,,,,
,Slide,,,,,
,Slink,,,,,
,Slip,,,,,
,Slump,,,,,
,Slurp,,,,,
,Smash,,,,,
,Smite,,,,,
,Smudge,,,,,
,Snag,,,,,
,Snap,,,,,
,Snarl,,,,,
,Sneak,,,,,
,Snicker,,,,,
,Snooze,,,,,
,Snore,,,,,
,Snowball,,,,,
,Snuffle,,,,,
,Soak,,,,,
,Soar,,,,,
,Soothe,,,,,
,Spam,,,,,
,Sparkle,,,,,
,Spatter,,,,,
,Speckle,,,,,
,Speed,,,,,
,Spew,,,,,
,Sport,,,,,
,Sprinkle,,,,,
,Sprout,,,,,
,Squeal,,,,,
,Squeeze,,,,,
,Stagger,,,,,
,Stalk,,,,,
,Stare,,,,,
,Startle,,,,,
,Starve,,,,,
,Steal,,,,,
,Steer,,,,,
,Stir,,,,,
,Storm,,,,,
,Strain,,,,,
,Stretch,,,,,
,Stride,,,,,
,Strip,,,,,
,Stroke,,,,,
,Stroll,,,,,
,Struggle,,,,,
,Stumble,,,,,
,Supercharge,,,,,
,Supersize,,,,,
,Surge,,,,,
,Survey,,,,,
,Swell,,,,,
,Swipe,,,,,
,Swoon,,,,,
,Tail,,,,,
,Tangle,,,,,
,Tattle,,,,,
,Teach,,,,,
,Teleport,,,,,
,Toddle,,,,,
,Transfigure,,,,,
,Transform,,,,,
,Travel,,,,,
,Traverse,,,,,
,Treasure,,,,,
,Treat,,,,,
,Trim,,,,,
,Trip,,,,,
,Trudge,,,,,
,Tussle,,,,,
,Type,,,,,
,Uncover,,,,,
,Undress,,,,,
,Unearth,,,,,
,Untangle,,,,,
,Unveil,,,,,
,Usher,,,,,
,Utter,,,,,
,Veil,,,,,
,Venture,,,,,
,Wail,,,,,
,Wallow,,,,,
,Wander,,,,,
,Want,,,,,
,Wave,,,,,
,Wear,,,,,
,Weave,,,,,
,Whisper,,,,,
,Wind,,,,,
,Wish,,,,,
,Withdraw,,,,,
,Wreck,,,,,
,Wrench,,,,,
,Wrest,,,,,
,Wrestle,,,,,
,Wring,,,,,
,Yank,,,,,
,Yell,,,,,
,Zap,,,,,
,Zing,,,,,
